{"cameraMode":{"drawMode":0,"name":"Shaded","section":"Shading Mode"},"sceneLighting":true,"audioPlay":false,"sceneViewState":{"m_AlwaysRefresh":false,"showFog":true,"showSkybox":true,"showFlares":true,"showImageEffects":true,"showParticleSystems":true,"showVisualEffectGraphs":true,"m_FxEnabled":true},"in2DMode":false,"pivot":{"x":379.6799011230469,"y":206.99765014648438,"z":750.8883056640625},"rotation":{"x":0.3131828308105469,"y":0.27079617977142336,"z":-0.09366177767515183,"w":0.9054651260375977},"size":482.53875732421877,"orthographic":false}